run,elapsed,cpu_user,cpu_nice,cpu_system,cpu_idle,cpu_iowait,cpu_irq,cpu_softirq,cpu_steal,cpu_guest,cpu_guest_nice,vm_nr_dirty
35,1000,0.0208333333333,0.0,0.005,0.972916666667,0.00125,0.0,0.0,0.0,0.0,0.0,8349
35,2000,0.014794748906,0.0,0.0041675349031,0.98020420921,0.000833506980621,0.0,0.0,0.0,0.0,0.0,8656
35,3000,0.0101431151869,0.0,0.00291788245102,0.986383215229,0.000555787133528,0.0,0.0,0.0,0.0,0.0,8634
